,time,open,close,high,low,volume
0,1602595740000,0.002,0.002,0.002,0.002,100.0
1,1602595800000,0.001,0.001,0.001,0.001,100.0
2,1602605400000,0.001,0.001,0.001,0.001,100.0
3,1602605460000,0.00070001,0.00070001,0.00070001,0.00070001,4870.15944764
4,1602653820000,0.00081,0.00081,0.00081,0.00081,281.72840615
5,1602667440000,0.00081,0.00081,0.00081,0.00081,1024.0977
6,1602736320000,0.00081,0.00081,0.00081,0.00081,1414.665
7,1605003840000,0.0007,0.0007,0.0007,0.0007,200.0
